{
  "IcoMoonType": "selection",
  "icons": [
    {
      "icon": {
        "paths": [
          "M853.333 233.692l-63.027-63.025-249.862 249.864-249.864-249.864-63.025 63.025 249.864 249.864-249.864 249.862 63.025 63.027 249.864-249.864 249.862 249.864 63.027-63.027-249.862-249.862 249.862-249.864z"
        ],
        "attrs": [
          {}
        ],
        "isMulticolor": false,
        "isMulticolor2": false,
        "grid": 0,
        "tags": [
          "modal-close-btn"
        ]
      },
      "attrs": [
        {}
      ],
      "properties": {
        "order": 65,
        "id": 0,
        "name": "modal-close-btn",
        "prevSize": 32
      },
      "setIdx": 0,
      "setId": 4,
      "iconIdx": 0
    },
    {
      "icon": {
        "paths": [
          "M1024 0l-1024 576 327.253 121.173 504.747-473.173-383.915 517.973 0.299 0.085-0.384-0.085v282.027l183.509-214.101 232.533 86.101 159.957-896z"
        ],
        "attrs": [
          {
            "fill": "rgb(255, 255, 255)"
          }
        ],
        "isMulticolor": false,
        "isMulticolor2": false,
        "grid": 0,
        "tags": [
          "send"
        ]
      },
      "attrs": [
        {
          "fill": "rgb(255, 255, 255)"
        }
      ],
      "properties": {
        "order": 70,
        "id": 17,
        "name": "send",
        "prevSize": 32
      },
      "setIdx": 1,
      "setId": 3,
      "iconIdx": 0
    },
    {
      "icon": {
        "paths": [
          "M270.131 529.203l-4.71-4.506-4.71 4.437-65.809 62.396 5.188 4.983 243.371 232.107 4.71-4.506 517.461-493.636-5.188-4.915-64.922-61.918-4.71 4.506-447.351 426.394-173.329-165.342z"
        ],
        "attrs": [
          {
            "fill": "rgb(255, 255, 255)",
            "stroke": "rgb(255, 255, 255)",
            "strokeLinejoin": "miter",
            "strokeLinecap": "butt",
            "strokeMiterlimit": "4",
            "strokeWidth": 13.653333333333334
          }
        ],
        "width": 1092,
        "isMulticolor": false,
        "isMulticolor2": false,
        "grid": 0,
        "tags": [
          "check"
        ]
      },
      "attrs": [
        {
          "fill": "rgb(255, 255, 255)",
          "stroke": "rgb(255, 255, 255)",
          "strokeLinejoin": "miter",
          "strokeLinecap": "butt",
          "strokeMiterlimit": "4",
          "strokeWidth": 13.653333333333334
        }
      ],
      "properties": {
        "order": 69,
        "id": 16,
        "name": "check",
        "prevSize": 32
      },
      "setIdx": 1,
      "setId": 3,
      "iconIdx": 1
    },
    {
      "icon": {
        "paths": [
          "M1194.667 0h-1024c-70.4 0-127.403 57.6-127.403 128l-0.597 768c0 70.4 57.6 128 128 128h1024c70.4 0 128-57.6 128-128v-768c0-70.4-57.6-128-128-128zM1169.067 272.043l-452.437 282.795c-9.65 6.022-21.368 9.593-33.92 9.593s-24.27-3.571-34.194-9.752l0.274 0.159-452.523-282.88c-16.11-9.631-26.73-26.982-26.73-46.813 0-30.021 24.337-54.357 54.357-54.357 11.162 0 21.539 3.364 30.17 9.135l-0.197-0.124 428.8 268.203 428.8-268.203c8.434-5.646 18.811-9.010 29.973-9.010 30.021 0 54.357 24.337 54.357 54.357 0 19.831-10.62 37.182-26.483 46.676l-0.247 0.137z"
        ],
        "attrs": [
          {}
        ],
        "width": 1365,
        "isMulticolor": false,
        "isMulticolor2": false,
        "grid": 0,
        "tags": [
          "modal-email"
        ]
      },
      "attrs": [
        {}
      ],
      "properties": {
        "order": 49,
        "id": 15,
        "name": "modal-email",
        "prevSize": 32
      },
      "setIdx": 1,
      "setId": 3,
      "iconIdx": 2
    },
    {
      "icon": {
        "paths": [
          "M512 512c141.385 0 256-114.615 256-256s-114.615-256-256-256v0c-141.385 0-256 114.615-256 256s114.615 256 256 256v0zM512 640c-170.837 0-512 85.76-512 256v64c0 35.157 28.843 64 64 64h896c35.157 0 64-28.843 64-64v-64c0-170.24-341.163-256-512-256z"
        ],
        "attrs": [
          {}
        ],
        "isMulticolor": false,
        "isMulticolor2": false,
        "grid": 0,
        "tags": [
          "modal-name"
        ]
      },
      "attrs": [
        {}
      ],
      "properties": {
        "order": 50,
        "id": 14,
        "name": "modal-name",
        "prevSize": 32
      },
      "setIdx": 1,
      "setId": 3,
      "iconIdx": 3
    },
    {
      "icon": {
        "paths": [
          "M877.422 667.282l-134.437-15.36c-3.702-0.461-7.987-0.725-12.334-0.725-29.090 0-55.426 11.793-74.487 30.859l-97.427 97.427c-150.962-77.917-270.931-197.909-346.728-344.447l-2.090-4.444 98.011-97.792c19.066-19.061 30.859-45.397 30.859-74.487 0-4.346-0.263-8.631-0.775-12.84l0.050 0.506-15.36-133.413c-6.366-52.966-51.033-93.623-105.196-93.623-0.046 0-0.091 0-0.137 0l-91.568-0c-59.831-0.146-109.568 49.591-105.911 109.349 28.087 452.023 389.632 813.056 841.143 841.143 59.758 3.657 109.568-46.080 109.568-105.911v-91.575c0.001-0.151 0.001-0.33 0.001-0.508 0-53.805-40.513-98.147-92.698-104.186l-0.487-0.046z"
        ],
        "attrs": [
          {}
        ],
        "isMulticolor": false,
        "isMulticolor2": false,
        "grid": 0,
        "tags": [
          "modal-phone"
        ]
      },
      "attrs": [
        {}
      ],
      "properties": {
        "order": 51,
        "id": 13,
        "name": "modal-phone",
        "prevSize": 32
      },
      "setIdx": 1,
      "setId": 3,
      "iconIdx": 4
    },
    {
      "icon": {
        "paths": [
          "M130.723 0l152.681 144.539-283.404-0.167v701.271h740.766v-268.129l152.511 144.38v-721.894h-762.553zM734.064 560.548l-432.908-409.825h432.908v409.825zM599.652 743.065h-482.435v-471.641h34.102v439.706h448.333v31.936zM231.139 939.010h14.894l-25.957 48.936v28.511h-13.511v-28.511l-26.011-48.936h14.947l17.819 36.703 17.819-36.703zM253.532 1016.457l6.277-18.031h30.001l6.329 18.031h14.042l-29.308-77.447h-12.074l-29.256 77.447h13.99zM274.809 955.446l11.223 32.127h-22.447l11.225-32.127zM345.766 985.713c-1.95 2.978-2.926 6.257-2.926 9.839 0 6.525 2.288 11.826 6.863 15.905 4.61 4.044 10.743 6.063 18.404 6.063s14.255-2.074 19.787-6.222l4.362 5.159h15.001l-11.384-13.458c4.469-6.098 6.702-13.918 6.702-23.456h-11.223c0 5.212-1.081 9.946-3.244 14.201l-14.948-17.659 5.266-3.83c3.723-2.695 6.401-5.39 8.033-8.085 1.632-2.73 2.447-5.708 2.447-8.935 0-4.896-1.808-8.989-5.425-12.288-3.582-3.333-8.192-5-13.831-5-6.242 0-11.205 1.773-14.894 5.318-3.689 3.512-5.532 8.299-5.532 14.362 0 2.482 0.586 5.052 1.756 7.713 1.205 2.66 3.316 5.887 6.329 9.682-5.745 4.113-9.593 7.676-11.543 10.691zM380.712 1002.84c-3.793 2.909-7.872 4.362-12.234 4.362-3.865 0-6.95-1.118-9.255-3.351s-3.458-5.142-3.458-8.724c0-4.148 2.129-7.837 6.384-11.064l1.649-1.17 16.913 19.946zM366.829 968.532c-3.652-4.503-5.479-8.244-5.479-11.223 0-2.591 0.745-4.734 2.235-6.436 1.488-1.704 3.492-2.553 6.011-2.553 2.34 0 4.272 0.726 5.798 2.181 1.525 1.418 2.288 3.137 2.288 5.159 0 3.050-1.1 5.549-3.299 7.499l-1.649 1.331-5.904 4.042zM492.893 1010.607c-5.318 4.608-12.393 6.913-21.223 6.913-6.17 0-11.613-1.453-16.33-4.362-4.68-2.941-8.297-7.109-10.85-12.499s-3.885-11.65-3.989-18.776v-7.233c0-7.305 1.294-13.741 3.882-19.31 2.588-5.567 6.294-9.857 11.116-12.872 4.859-3.013 10.462-4.521 16.809-4.521 8.547 0 15.425 2.323 20.639 6.968 5.212 4.645 8.244 11.205 9.096 19.68h-13.406c-0.638-5.567-2.268-9.573-4.893-12.020-2.588-2.484-6.401-3.723-11.436-3.723-5.85 0-10.353 2.146-13.51 6.436-3.12 4.255-4.717 10.515-4.787 18.776v6.861c0 8.371 1.488 14.752 4.469 19.151 3.013 4.397 7.41 6.595 13.19 6.595 5.283 0 9.255-1.187 11.915-3.564 2.66-2.375 4.344-6.329 5.052-11.861h13.406c-0.78 8.262-3.83 14.715-9.151 19.362zM571.989 999.755c2.625-5.745 3.937-12.412 3.937-20.001v-4.307c-0.035-7.554-1.383-14.166-4.044-19.842-2.658-5.708-6.436-10.070-11.329-13.083-4.859-3.050-10.443-4.575-16.754-4.575s-11.915 1.543-16.809 4.628c-4.859 3.050-8.634 7.464-11.329 13.244-2.66 5.78-3.989 12.447-3.989 20.001v4.362c0.035 7.41 1.381 13.953 4.042 19.626 2.695 5.676 6.49 10.055 11.384 13.14 4.928 3.048 10.532 4.573 16.809 4.573 6.347 0 11.95-1.525 16.807-4.573 4.893-3.085 8.654-7.482 11.277-13.192zM557.575 955.978c3.262 4.575 4.893 11.153 4.893 19.735v4.042c0 8.724-1.614 15.356-4.841 19.894-3.19 4.54-7.765 6.809-13.722 6.809-5.887 0-10.497-2.323-13.831-6.968-3.299-4.645-4.948-11.223-4.948-19.735v-4.466c0.072-8.334 1.739-14.77 5-19.31 3.299-4.573 7.854-6.861 13.671-6.861 5.957 0 10.549 2.288 13.776 6.861z"
        ],
        "attrs": [],
        "width": 893,
        "isMulticolor": false,
        "isMulticolor2": false,
        "grid": 0,
        "tags": [
          "client-1"
        ],
        "colorPermutations": {}
      },
      "attrs": [],
      "properties": {
        "order": 53,
        "id": 11,
        "name": "client-1",
        "prevSize": 32
      },
      "setIdx": 1,
      "setId": 3,
      "iconIdx": 5
    },
    {
      "icon": {
        "paths": [
          "M337.006 57.787c4.537 0 9.403 0.415 14.263 0.83 0.477 0.041 0.953 0.081 1.43 0.122 23.487 1.656 46.807 5.173 69.742 10.516v-56.385c-23.617-5.925-47.703-9.763-71.983-11.467-9.216-0.701-19.031-1.152-29.093-1.402h-8.418c-48.736 0.183-97.262 6.44-144.467 18.628-53.765 13.409-105.371 34.398-153.284 62.344v559.197c46.134-25.066 95.223-44.195 146.111-56.936 40.18-10.252 81.255-16.557 122.648-18.828h1.644c6.924-0.351 13.848-0.551 20.972-0.603v-57.285c-53.786 0.691-107.297 7.802-159.412 21.181-19.279 5.008-37.91 10.415-55.396 16.425l-19.926 6.76v-436.011l8.519-4.106c65.009-30.827 135.32-48.764 207.086-52.83 0.597-0.044 1.195-0.044 1.792 0 7.92-0.401 15.892-0.601 23.713-0.601h8.966v0c4.135 0.1 8.271 0.2 12.404 0.451h2.69zM436.24 115.424c12.503 0.952 25.456 1.402 38.558 1.402 51.233-0.187 102.248-6.73 151.889-19.48 50.863-12.789 99.933-31.933 146.062-56.986v549.231c-47.939 27.93-99.56 48.918-153.334 62.344-47.212 12.142-95.734 18.381-144.467 18.58-36.925 0.297-73.742-4.043-109.596-12.92v-552.787c8.468 1.953 17.185 3.756 26.053 5.258 14.547 2.454 29.891 4.256 44.835 5.358zM715.758 119.681l-19.927 6.71c-18.334 6.159-36.815 11.668-55.396 16.575-54.099 13.902-109.7 21.034-165.539 21.232-13.001 0-24.956-0.351-36.513-1.102l-15.892-1.052v448.529l13.649 1.201c12.654 1.103 25.706 1.652 38.857 1.652 43.983-0.185 87.773-5.855 130.369-16.874 35.074-8.799 69.199-21.059 101.874-36.606l8.519-4.106v-436.16z",
          "M53.9 831.26c-2.865-2.972-6.318-5.305-10.137-6.849s-7.918-2.265-12.031-2.115c-4.384-0.059-8.736 0.758-12.803 2.404-3.729 1.485-7.119 3.716-9.963 6.56-2.813 2.851-5.002 6.262-6.426 10.016-1.562 3.933-2.34 8.135-2.292 12.369v74.713c-0.178 5.264 0.826 10.502 2.939 15.323 1.764 3.828 4.31 7.241 7.472 10.016 2.986 2.515 6.491 4.326 10.262 5.309 3.633 1.020 7.386 1.542 11.159 1.552 4.161 0.041 8.279-0.849 12.056-2.603 3.734-1.634 7.118-3.982 9.963-6.912 2.774-2.903 4.987-6.298 6.526-10.016 1.597-3.767 2.41-7.822 2.391-11.918v-8.361h-19.528v6.66c0.058 2.274-0.331 4.537-1.146 6.66-0.636 1.589-1.604 3.025-2.84 4.206-1.21 0.977-2.597 1.709-4.085 2.152-1.319 0.439-2.696 0.675-4.085 0.701-1.744 0.203-3.509-0.059-5.119-0.764-1.61-0.703-3.006-1.822-4.047-3.241-1.841-3.003-2.743-6.491-2.59-10.016v-69.656c-0.121-3.862 0.7-7.696 2.391-11.166 1.014-1.577 2.448-2.836 4.139-3.633s3.571-1.101 5.425-0.874c1.683-0.059 3.356 0.291 4.874 1.024s2.837 1.825 3.844 3.182c2.185 2.869 3.328 6.404 3.238 10.016v6.459h19.329v-7.611c0.039-4.47-0.772-8.907-2.391-13.070-1.443-3.915-3.663-7.493-6.526-10.516z",
          "M169.923 830.407c-6.227-5.258-14.086-8.162-22.218-8.212-3.977 0.016-7.922 0.729-11.657 2.103-3.792 1.359-7.292 3.432-10.312 6.109-3.235 2.909-5.817 6.477-7.572 10.466-1.967 4.563-2.936 9.5-2.839 14.472v71.658c-0.135 5.041 0.835 10.049 2.839 14.673 1.767 3.852 4.352 7.27 7.572 10.014 2.985 2.773 6.491 4.917 10.312 6.311 3.735 1.375 7.68 2.085 11.657 2.103 3.978-0.008 7.924-0.721 11.657-2.103 3.886-1.414 7.47-3.554 10.561-6.311 3.115-2.794 5.625-6.203 7.373-10.014 2.005-4.624 2.974-9.632 2.839-14.673v-71.658c0.096-4.972-0.872-9.909-2.839-14.472-1.738-3.948-4.245-7.507-7.373-10.466zM160.807 927.004c0.165 1.91-0.099 3.832-0.772 5.626s-1.737 3.413-3.114 4.74c-2.579 2.162-5.832 3.348-9.191 3.348s-6.612-1.185-9.191-3.348c-1.377-1.327-2.442-2.946-3.114-4.74s-0.936-3.716-0.772-5.626v-71.658c-0.164-1.91 0.099-3.832 0.772-5.626s1.737-3.415 3.114-4.74c2.579-2.162 5.832-3.348 9.191-3.348s6.612 1.185 9.191 3.348c1.377 1.325 2.442 2.946 3.114 4.74s0.936 3.716 0.772 5.626v71.658z",
          "M322.31 959.004v-135.654h-18.781l-24.659 71.808h-0.349l-24.86-71.808h-18.582v135.654h19.379v-82.525h0.349l18.979 58.338h9.665l19.129-58.338h0.349v82.525h19.379z",
          "M432.406 832.861c-2.985-3.348-6.751-5.896-10.961-7.412-4.535-1.475-9.281-2.186-14.048-2.103h-28.792v135.656h19.328v-52.98h9.962c6.032 0.274 12.032-1.002 17.436-3.706 4.395-2.44 8.060-6.020 10.612-10.366 2.235-3.608 3.742-7.625 4.433-11.817 0.76-5.104 1.111-10.264 1.046-15.423 0.189-6.514-0.447-13.026-1.892-19.379-1.29-4.695-3.74-8.986-7.123-12.469zM422.441 874.222c-0.083 2.456-0.695 4.866-1.794 7.062-1.105 2.085-2.851 3.755-4.98 4.756-2.863 1.282-5.986 1.865-9.118 1.703h-8.816v-46.119h9.962c3.001-0.148 5.99 0.437 8.718 1.701 1.999 1.148 3.586 2.901 4.533 5.008 1.057 2.383 1.632 4.955 1.694 7.562 0 2.855 0 5.858 0 9.013s0.199 6.41 0 9.314h-0.199z",
          "M523.967 823.349h-15.842l-29.889 135.654h19.328l5.679-29.145h26.352l5.679 29.145h19.33l-30.637-135.654zM506.132 911.382l9.515-49.174h0.349l9.466 49.174h-19.33z",
          "M648.856 905.072h-0.349l-29.192-81.723h-18.582v135.654h19.328v-81.573h0.4l29.54 81.573h18.182v-135.654h-19.328v81.723z",
          "M766.968 823.349l-15.543 53.931h-0.398l-15.543-53.931h-20.474l26.551 78.318v57.336h19.33v-57.336l26.551-78.318h-20.474z",
          "M0 997.307h9.316v26.14h6.327v-26.14h9.266v-5.358h-24.908v5.358z",
          "M78.311 991.949l-12.205 31.498h6.725l2.59-7.16h12.554l2.69 7.16h6.875l-12.504-31.498h-6.725zM77.314 1010.977l4.284-11.668 4.284 11.668h-8.568z",
          "M155.725 1011.832h7.273v4.057c-2.124 1.703-4.756 2.637-7.472 2.655-1.27 0.071-2.539-0.165-3.701-0.687-1.161-0.524-2.181-1.317-2.975-2.318-1.67-2.399-2.494-5.289-2.341-8.212 0-7.010 3.039-10.516 9.067-10.516 1.587-0.16 3.177 0.26 4.484 1.178s2.243 2.276 2.64 3.828l6.227-1.201c-1.345-6.16-5.779-9.263-13.351-9.263-4.050-0.108-7.988 1.343-11.009 4.057-1.587 1.566-2.815 3.462-3.598 5.555s-1.102 4.332-0.936 6.561c-0.184 4.311 1.258 8.531 4.035 11.819 1.543 1.591 3.411 2.826 5.475 3.621s4.275 1.13 6.481 0.985c4.928 0.138 9.716-1.658 13.351-5.008v-12.418h-13.65v5.307z",
          "M234.784 991.949h-6.376v31.498h22.067v-5.358h-15.691v-26.14z",
          "M301.637 991.949h-6.376v31.498h6.376v-31.498z",
          "M366.996 1012.982l-12.902-21.033h-6.177v31.498h5.927v-20.58l12.654 20.58h6.327v-31.498h-5.829v21.033z",
          "M426.079 1009.575h15.693v-5.358h-15.693v-6.91h16.888v-5.358h-23.264v31.498h23.912v-5.358h-17.536v-8.513z",
          "M569.348 1004.369h-12.404v-12.42h-6.325v31.498h6.325v-13.771h12.404v13.771h6.327v-31.498h-6.327v12.42z",
          "M628.779 1009.575h15.742v-5.358h-15.742v-6.91h16.937v-5.358h-23.264v31.498h23.861v-5.358h-17.534v-8.513z",
          "M709.382 1009.577c5.478-0.851 8.269-3.755 8.269-8.763 0.16-1.339-0.043-2.698-0.587-3.931-0.544-1.235-1.408-2.298-2.503-3.080-2.851-1.434-6.034-2.072-9.216-1.853h-13.349v31.498h6.327v-13.17h1.245c1.349-0.083 2.698 0.158 3.935 0.701 0.926 0.571 1.696 1.361 2.243 2.304l6.875 10.016h7.572l-3.836-6.16c-1.696-3.040-4.086-5.632-6.973-7.562zM703.004 1005.221h-4.681v-7.912h4.98c2.17-0.175 4.354 0.079 6.428 0.75 0.461 0.408 0.823 0.914 1.063 1.481s0.349 1.182 0.321 1.798c-0.030 0.614-0.195 1.217-0.486 1.759s-0.701 1.012-1.197 1.373c-2.080 0.638-4.257 0.892-6.428 0.752z",
          "M770.158 1009.575h15.691v-5.358h-15.691v-6.91h16.937v-5.358h-23.314v31.498h23.91v-5.358h-17.534v-8.513z"
        ],
        "attrs": [],
        "width": 788,
        "isMulticolor": false,
        "isMulticolor2": false,
        "grid": 0,
        "tags": [
          "client-2"
        ],
        "colorPermutations": {}
      },
      "attrs": [],
      "properties": {
        "order": 54,
        "id": 10,
        "name": "client-2",
        "prevSize": 32
      },
      "setIdx": 1,
      "setId": 3,
      "iconIdx": 6
    },
    {
      "icon": {
        "paths": [
          "M180.571 1002.091c0.388 0.010 0.77 0.085 1.124 0.224s0.672 0.339 0.937 0.585l5.318 5.083c-4.128 4.113-9.23 7.404-14.956 9.648-6.706 2.445-13.934 3.625-21.205 3.465-6.832 0.122-13.621-0.978-19.942-3.235-5.702-2.072-10.825-5.183-15.023-9.126-4.284-4.089-7.584-8.882-9.705-14.095-2.323-5.812-3.47-11.93-3.39-18.081-0.094-6.19 1.146-12.342 3.656-18.137 2.322-5.247 5.825-10.038 10.304-14.095 4.539-3.977 9.969-7.105 15.954-9.184 6.547-2.206 13.519-3.304 20.54-3.235 6.522-0.137 13.010 0.863 19.078 2.945 5.265 1.985 10.099 4.74 14.292 8.146l-4.454 5.43c-0.308 0.383-0.69 0.714-1.13 0.983-0.525 0.312-1.161 0.456-1.795 0.405-0.69-0.041-1.355-0.241-1.928-0.578l-2.393-1.446-3.324-1.848c-1.435-0.685-2.923-1.285-4.454-1.79-1.972-0.614-3.994-1.097-6.049-1.443-2.609-0.419-5.258-0.612-7.91-0.578-5.056-0.056-10.074 0.768-14.757 2.426-4.368 1.534-8.31 3.857-11.566 6.814-3.315 3.148-5.869 6.841-7.512 10.862-1.872 4.598-2.795 9.448-2.726 14.324-0.080 4.954 0.843 9.882 2.726 14.558 1.622 3.984 4.129 7.656 7.379 10.801 3.044 2.933 6.818 5.225 11.035 6.702 4.339 1.563 8.997 2.348 13.694 2.309 2.713 0.037 5.425-0.117 8.11-0.461 4.383-0.466 8.588-1.79 12.298-3.872 1.861-1.065 3.617-2.263 5.251-3.582 0.683-0.566 1.582-0.895 2.526-0.924z",
          "M334.124 976.55c0.083 6.129-1.134 12.217-3.589 17.964-2.167 5.21-5.578 9.964-10.013 13.946-4.435 3.984-9.789 7.105-15.711 9.157-13.015 4.313-27.402 4.313-40.416 0-5.886-2.085-11.205-5.213-15.621-9.184-4.432-4.055-7.869-8.848-10.105-14.092-4.789-11.635-4.789-24.352 0-35.984 2.268-5.249 5.701-10.057 10.105-14.153 4.452-3.845 9.769-6.853 15.621-8.836 12.997-4.391 27.416-4.391 40.416 0 5.905 2.085 11.247 5.21 15.687 9.184 4.376 4.013 7.787 8.745 10.038 13.919 2.462 5.783 3.679 11.913 3.589 18.078zM320.166 976.55c0.105-4.903-0.751-9.784-2.526-14.441-1.49-3.986-3.913-7.663-7.114-10.801-3.116-2.967-6.953-5.296-11.232-6.814-9.457-3.157-19.927-3.157-29.381 0-4.281 1.519-8.119 3.847-11.235 6.814-3.245 3.118-5.693 6.8-7.178 10.801-3.384 9.404-3.384 19.478 0 28.882 1.499 3.996 3.945 7.675 7.178 10.801 3.121 2.95 6.958 5.259 11.235 6.758 9.472 3.077 19.907 3.077 29.381 0 4.274-1.499 8.112-3.808 11.232-6.758 3.189-3.145 5.608-6.819 7.114-10.801 1.782-4.654 2.638-9.538 2.526-14.441z",
          "M438.889 991.688l1.395 3.235c0.532-1.156 0.997-2.197 1.529-3.235 0.507-1.085 1.085-2.146 1.729-3.177l33.968-53.653c0.666-0.924 1.263-1.499 1.929-1.675 0.905-0.239 1.848-0.336 2.792-0.288h10.038v87.264h-11.898v-64.163c0-0.809 0-1.733 0-2.714-0.066-1-0.066-2.004 0-3.004l-34.167 54.404c-0.434 0.814-1.129 1.504-2.002 1.985-0.873 0.483-1.885 0.734-2.918 0.729h-1.929c-1.034 0.012-2.050-0.236-2.926-0.719-0.873-0.483-1.565-1.175-1.992-1.994l-35.165-54.75c0 1.039 0 2.080 0 3.118s0 1.963 0 2.772v64.163h-11.5v-87.091h10.038c0.944-0.049 1.887 0.049 2.792 0.288 0.824 0.356 1.482 0.948 1.863 1.675l34.699 53.711c0.68 0.992 1.26 2.036 1.729 3.118z",
          "M566.718 987.353v32.688h-13.295v-87.147h29.647c5.595-0.093 11.176 0.549 16.552 1.904 4.303 1.061 8.292 2.911 11.698 5.43 2.953 2.36 5.23 5.286 6.649 8.548 1.568 3.555 2.336 7.339 2.26 11.145 0.059 3.823-0.778 7.614-2.46 11.147-1.599 3.343-4.055 6.327-7.18 8.721-3.411 2.621-7.419 4.591-11.764 5.773-5.176 1.438-10.589 2.121-16.021 2.021l-16.087-0.229zM566.718 977.996h16.087c3.494 0.041 6.973-0.407 10.303-1.326 2.748-0.805 5.278-2.082 7.444-3.755 1.999-1.599 3.545-3.574 4.52-5.776 1.090-2.328 1.631-4.82 1.597-7.334 0.154-2.423-0.3-4.844-1.334-7.1-1.034-2.253-2.621-4.286-4.649-5.951-5.079-3.445-11.457-5.115-17.881-4.679h-16.087v35.92z",
          "M745.399 1020.158h-10.503c-1.053 0.034-2.087-0.251-2.923-0.809-0.756-0.544-1.348-1.236-1.729-2.021l-9.040-21.082h-45.402l-9.372 21.082c-0.346 0.77-0.919 1.448-1.663 1.965-0.844 0.59-1.907 0.897-2.992 0.866h-10.503l39.885-87.274h13.826l40.416 87.274zM679.59 987.755h37.491l-15.821-35.523c-1.209-2.672-2.206-5.413-2.989-8.202l-1.531 4.564c-0.463 1.385-0.997 2.658-1.46 3.696l-15.689 35.465z",
          "M802.833 933.291c0.795 0.378 1.477 0.912 1.994 1.558l58.166 65.787c0-1.039 0-2.080 0-3.062 0-0.98 0-1.963 0-2.887v-61.801h11.898v87.272h-6.646c-0.946 0.024-1.882-0.154-2.726-0.519-0.822-0.417-1.543-0.965-2.128-1.616l-58.097-65.729c0.063 1 0.063 2.002 0 3.004 0 0.98 0 1.848 0 2.655v62.206h-11.898v-87.272h7.046c0.822-0.020 1.638 0.117 2.392 0.405z",
          "M972.873 985.449v34.655h-13.295v-34.655l-36.759-52.558h11.898c1.026-0.054 2.038 0.212 2.86 0.748 0.722 0.561 1.329 1.226 1.794 1.965l22.999 33.904c0.931 1.443 1.729 2.772 2.394 4.042s1.197 2.484 1.663 3.696l1.726-3.755c0.646-1.373 1.402-2.704 2.26-3.984l22.669-34.136c0.475-0.68 1.058-1.302 1.729-1.848 0.788-0.597 1.812-0.909 2.857-0.866h12.032l-36.827 52.79z",
          "M432.306 786.434c5.783 0.636 11.635 1.156 17.549 1.619 89.695-34.862 165.571-91.921 218.149-164.042 52.578-72.124 79.521-156.111 77.463-241.464l-98.848-85.884c20.097 90.875 10.696 184.817-27.153 271.314-37.849 86.499-102.651 162.138-187.16 218.458z",
          "M397.010 782.441l2.66 0.461c90.305-56.12 159.154-134.488 197.644-224.97s44.851-188.918 18.264-282.575l-140.793-122.323c56.947 100.549 79.87 213.077 66.099 324.498-13.768 111.421-63.659 217.156-143.874 304.911z",
          "M874.494 483.389c-23.92 93.784-82.015 178.366-165.654 241.186-24.427 18.447-50.776 34.882-78.707 49.091 68.108-17.393 130.709-48.143 182.977-89.878 52.265-41.738 92.804-93.345 118.484-150.845l-57.1-49.554z",
          "M852.090 469.58l-81.296-70.636c-1.556 80.533-27.906 159.234-76.315 227.925-48.408 68.688-117.107 124.862-198.956 162.677h0.4c18.239-0.005 36.464-0.951 54.574-2.831 76.493-27.126 144.067-70.283 196.691-125.62 52.626-55.337 88.664-121.132 104.901-191.515z",
          "M408.776 101.447l-96.985-84.381c-86.702 29.11-161.269 80.284-213.943 146.824s-80.999 145.346-81.269 226.106v0c0.325 89.237 34.894 175.831 98.237 246.075s151.839 120.13 251.484 141.756c88.951-94.159 141.032-210.512 148.67-332.147 7.639-121.637-29.559-242.221-106.194-344.232z",
          "M1076.175 456.589c-0.351-105.874-48.913-207.323-135.080-282.188-86.165-74.864-202.93-117.058-324.786-117.362-56.31-0.051-112.14 8.977-164.657 26.625l593.813 515.927c20.331-45.605 30.744-94.093 30.71-143.002z"
        ],
        "attrs": [],
        "width": 1097,
        "isMulticolor": false,
        "isMulticolor2": false,
        "grid": 0,
        "tags": [
          "client-3"
        ],
        "colorPermutations": {}
      },
      "attrs": [],
      "properties": {
        "order": 55,
        "id": 9,
        "name": "client-3",
        "prevSize": 32
      },
      "setIdx": 1,
      "setId": 3,
      "iconIdx": 7
    },
    {
      "icon": {
        "paths": [
          "M320.517 319.459h-0.071c-58.466 0-105.863 42.121-105.863 94.079v0.061c0 51.958 47.397 94.079 105.863 94.079h0.071c58.466 0 105.862-42.121 105.862-94.079v-0.061c0-51.958-47.397-94.079-105.862-94.079z",
          "M1101.897 289.385c-0.166-72.168-32.492-141.338-89.907-192.374s-135.241-79.781-216.447-79.945v0c-81.23 0.131-159.091 28.862-216.535 79.901-57.446 51.040-89.793 120.229-89.958 192.418v397.965c0 0 612.779-60.652 612.847-397.904v-0.061z",
          "M0 817.969c0.147 50.215 22.654 98.336 62.601 133.849s94.088 55.53 150.591 55.679c56.491-0.149 110.622-20.158 150.565-55.657 39.946-35.499 62.462-83.605 62.627-133.81v-276.912c0 0-426.384 42.235-426.384 276.851zM213.191 867.582c-11.042 0-21.835-2.909-31.016-8.36s-16.336-13.2-20.562-22.267c-4.225-9.065-5.331-19.042-3.177-28.665 2.154-9.626 7.471-18.466 15.279-25.405s17.755-11.664 28.584-13.578c10.83-1.914 22.055-0.931 32.256 2.823s18.921 10.116 25.055 18.274c6.134 8.158 9.409 17.752 9.409 27.565 0.027 6.529-1.397 13.002-4.189 19.044-2.794 6.039-6.902 11.532-12.088 16.157-5.188 4.628-11.352 8.299-18.138 10.803-6.787 2.506-14.064 3.796-21.413 3.796v-0.188z",
          "M644.089 840.258h-41.143v42.501h-21.428v-103.999h67.713v17.357h-46.285v26.858h41.143v17.284zM747.088 833.117c0 10.238-1.809 19.215-5.43 26.929-3.618 7.714-8.809 13.666-15.572 17.857-6.712 4.191-14.429 6.285-23.142 6.285-8.619 0-16.308-2.072-23.072-6.215-6.761-4.142-12-10.047-15.714-17.713-3.713-7.714-5.595-16.572-5.642-26.573v-5.142c0-10.238 1.833-19.239 5.498-26.999 3.716-7.812 8.931-13.787 15.643-17.93 6.763-4.191 14.477-6.285 23.145-6.285 8.665 0 16.357 2.094 23.072 6.285 6.761 4.142 11.976 10.118 15.643 17.93 3.713 7.76 5.571 16.738 5.571 26.926v4.645zM725.372 828.401c0-10.903-1.95-19.19-5.856-24.856-3.903-5.666-9.477-8.499-16.713-8.499-7.192 0-12.739 2.809-16.645 8.428-3.903 5.571-5.881 13.761-5.927 24.571v5.071c0 10.618 1.953 18.856 5.856 24.713 3.906 5.859 9.523 8.787 16.857 8.787 7.19 0 12.715-2.809 16.572-8.428 3.857-5.666 5.81-13.904 5.856-24.715v-5.071zM816.589 855.474c0-4.047-1.429-7.144-4.286-9.287-2.857-2.189-7.999-4.476-15.428-6.856-7.429-2.431-13.31-4.81-17.644-7.144-11.808-6.38-17.713-14.977-17.713-25.785 0-5.62 1.57-10.62 4.713-15.002 3.191-4.428 7.739-7.88 13.644-10.357 5.951-2.475 12.62-3.713 20-3.713 7.429 0 14.048 1.358 19.858 4.072 5.808 2.667 10.308 6.451 13.5 11.357 3.238 4.905 4.857 10.476 4.857 16.713h-21.428c0-4.762-1.499-8.45-4.501-11.071-2.999-2.665-7.214-3.998-12.642-3.998-5.239 0-9.311 1.119-12.215 3.357-2.906 2.189-4.357 5.096-4.357 8.714 0 3.382 1.69 6.215 5.071 8.499 3.428 2.287 8.453 4.43 15.070 6.429 12.19 3.667 21.072 8.214 26.644 13.644 5.571 5.427 8.358 12.19 8.358 20.285 0 8.999-3.406 16.072-10.216 21.214-6.807 5.096-15.974 7.643-27.499 7.643-7.999 0-15.284-1.453-21.858-4.357-6.571-2.953-11.596-6.975-15.070-12.071-3.43-5.096-5.144-11.001-5.144-17.715h21.502c0 11.476 6.856 17.215 20.57 17.215 5.096 0 9.072-1.024 11.93-3.072 2.857-2.094 4.286-5.001 4.286-8.714zM930.945 796.116h-31.859v86.643h-21.428v-86.643h-31.427v-17.357h84.714v17.357zM1005.802 837.688h-41.143v27.858h48.286v17.213h-69.715v-103.999h69.571v17.357h-48.143v24.786h41.143v16.786zM1064.016 844.688h-17.072v38.071h-21.428v-103.999h38.644c12.286 0 21.76 2.738 28.428 8.214 6.666 5.476 9.999 13.214 9.999 23.213 0 7.097-1.546 13.024-4.642 17.786-3.048 4.715-7.69 8.477-13.929 11.286l22.501 42.501v1h-23.001l-19.5-38.071zM1046.945 827.331h17.286c5.381 0 9.548-1.358 12.5-4.072 2.953-2.762 4.428-6.549 4.428-11.357 0-4.905-1.404-8.763-4.213-11.574-2.762-2.809-7.024-4.213-12.785-4.213h-17.215v31.215zM1176.803 846.117v36.642h-21.428v-103.999h40.57c7.809 0 14.668 1.429 20.573 4.286 5.951 2.857 10.523 6.927 13.714 12.212 3.189 5.239 4.786 11.215 4.786 17.93 0 10.191-3.501 18.237-10.501 24.142-6.953 5.859-16.596 8.787-28.928 8.787h-18.786zM1176.803 828.76h19.141c5.669 0 9.977-1.334 12.929-4.001 2.999-2.667 4.501-6.476 4.501-11.427 0-5.096-1.502-9.216-4.501-12.359s-7.144-4.762-12.429-4.857h-19.641v32.644zM1312.373 837.688h-41.143v27.858h48.286v17.213h-69.715v-103.999h69.571v17.357h-48.143v24.786h41.143v16.786zM1411.801 796.116h-31.856v86.643h-21.428v-86.643h-31.429v-17.357h84.714v17.357zM1486.66 837.688h-41.143v27.858h48.284v17.213h-69.712v-103.999h69.571v17.357h-48.143v24.786h41.143v16.786zM1544.875 844.688h-17.072v38.071h-21.428v-103.999h38.641c12.286 0 21.762 2.738 28.428 8.214 6.668 5.476 10.001 13.214 10.001 23.213 0 7.097-1.548 13.024-4.642 17.786-3.048 4.715-7.692 8.477-13.929 11.286l22.499 42.501v1h-22.999l-19.5-38.071zM1527.803 827.331h17.284c5.381 0 9.548-1.358 12.5-4.072 2.953-2.762 4.43-6.549 4.43-11.357 0-4.905-1.404-8.763-4.215-11.574-2.762-2.809-7.024-4.213-12.785-4.213h-17.213v31.215zM1653.731 855.474c0-4.047-1.429-7.144-4.286-9.287-2.857-2.189-7.999-4.476-15.428-6.856-7.429-2.431-13.31-4.81-17.642-7.144-11.81-6.38-17.715-14.977-17.715-25.785 0-5.62 1.573-10.62 4.715-15.002 3.189-4.428 7.736-7.88 13.641-10.357 5.954-2.475 12.62-3.713 20-3.713 7.429 0 14.048 1.358 19.858 4.072 5.81 2.667 10.311 6.451 13.5 11.357 3.238 4.905 4.857 10.476 4.857 16.713h-21.428c0-4.762-1.499-8.45-4.498-11.071-3.001-2.665-7.214-3.998-12.644-3.998-5.237 0-9.309 1.119-12.215 3.357-2.904 2.189-4.357 5.096-4.357 8.714 0 3.382 1.69 6.215 5.071 8.499 3.428 2.287 8.453 4.43 15.072 6.429 12.19 3.667 21.070 8.214 26.644 13.644 5.571 5.427 8.355 12.19 8.355 20.285 0 8.999-3.404 16.072-10.213 21.214-6.81 5.096-15.977 7.643-27.499 7.643-8.002 0-15.287-1.453-21.858-4.357-6.573-2.953-11.596-6.975-15.072-12.071-3.428-5.096-5.142-11.001-5.142-17.715h21.499c0 11.476 6.858 17.215 20.573 17.215 5.093 0 9.070-1.024 11.927-3.072 2.857-2.094 4.286-5.001 4.286-8.714z"
        ],
        "attrs": [],
        "width": 2072,
        "isMulticolor": false,
        "isMulticolor2": false,
        "grid": 0,
        "tags": [
          "client-4"
        ],
        "colorPermutations": {}
      },
      "attrs": [],
      "properties": {
        "order": 56,
        "id": 8,
        "name": "client-4",
        "prevSize": 32
      },
      "setIdx": 1,
      "setId": 3,
      "iconIdx": 8
    },
    {
      "icon": {
        "paths": [
          "M103.64 843.933c5.309 6.018 8.137 13.552 7.989 21.286 0.271 5.044-0.701 10.081-2.844 14.735s-5.402 8.806-9.535 12.153c-10.314 7.131-23.091 10.617-35.986 9.817h-63.263v-134.893h61.968c12.232-0.745 24.367 2.423 34.331 8.961 4.002 3.068 7.171 6.944 9.257 11.323 2.086 4.381 3.031 9.144 2.763 13.918 0.364 7.44-2.189 14.756-7.197 20.626-4.808 5.36-11.453 9.074-18.857 10.543 8.393 1.403 15.969 5.49 21.376 11.532zM29.437 823.571h26.486c6.020 0.407 11.998-1.183 16.842-4.482 1.989-1.649 3.536-3.697 4.522-5.983s1.384-4.747 1.164-7.196c0.187-2.44-0.22-4.887-1.19-7.168-0.971-2.279-2.482-4.331-4.423-6.011-4.988-3.392-11.153-5.007-17.345-4.547h-26.054v35.387zM75.355 875.302c2.126-1.691 3.797-3.806 4.883-6.183s1.558-4.952 1.379-7.525c0.162-2.601-0.331-5.203-1.442-7.602s-2.809-4.534-4.964-6.236c-5.182-3.519-11.555-5.246-17.993-4.878h-27.781v37.101h28.141c6.334 0.336 12.604-1.316 17.777-4.678z",
          "M230.311 901.924l-34.475-52.719h-12.955v52.719h-29.652v-134.893h56.138c14.151-0.904 28.14 3.201 39.082 11.467 7.846 7.321 12.58 16.968 13.345 27.201s-2.486 20.382-9.17 28.615c-6.926 7.264-16.388 12.107-26.774 13.706l36.705 53.904h-32.243zM182.881 830.819h24.255c16.841 0 25.262-6.809 25.262-20.428 0.172-2.78-0.29-5.564-1.355-8.175-1.065-2.608-2.713-4.987-4.835-6.983-5.323-4.052-12.176-6.018-19.072-5.469h-24.542l0.288 41.054z",
          "M392.392 874.771h-59.089l-10.436 27.151h-31.093l54.268-133.379h33.611l54.050 133.379h-31.090l-10.22-27.151zM384.475 854.343l-21.591-56.937-21.591 56.937h43.182z",
          "M595.28 901.924h-29.437l-65.998-91.731v91.731h-29.365v-134.896h29.365l65.998 92.26v-92.26h29.437v134.896z",
          "M763.263 869.635c-6.087 10.183-15.36 18.469-26.631 23.789-12.813 5.926-27.034 8.846-41.383 8.501h-52.396v-134.896h52.396c14.325-0.342 28.526 2.508 41.383 8.303 11.268 5.201 20.552 13.401 26.631 23.526 6.059 10.972 9.216 23.092 9.216 35.387s-3.157 24.417-9.216 35.389zM729.58 866.406c8.401-8.961 13.020-20.382 13.020-32.193 0-11.809-4.619-23.23-13.020-32.191-10.155-8.118-23.397-12.238-36.851-11.467h-20.439v87.317h20.439c13.454 0.769 26.696-3.351 36.851-11.467z",
          "M410.816 16.705c0 0 379.941 131.336 371.88 321.39v321.453c0 0-379.651-131.401-371.736-321.453l-0.144-321.39z",
          "M1121.178 584.292c71.756-45.215 154.755-73.22 241.394-81.452v-100.629c-99.829 35.23-184.516 99.108-241.394 182.080z",
          "M1078.067 614.607c58.732-108.28 160.548-191.834 284.506-233.479v-289.956c0 0-541.086 187.087-529.641 457.733v457.667c0 0 24.11-8.368 62.039-24.053 0-14.628 0-29.389 1.728-44.217 11.199-125.647 76.436-242.078 181.368-323.695z",
          "M1026.608 784.626c2.843-31.74 9.185-63.137 18.929-93.709-65.338 70.484-104.908 157.944-113.139 250.087-0.793 8.7-1.224 17.397-1.44 26.36 30.731-13.51 66.501-30.38 104.071-50.215-9.586-43.594-12.423-88.206-8.421-132.523z",
          "M1048.129 786.273c-3.604 40.095-1.353 80.452 6.693 120.002 147.831-80.99 313.941-206.131 307.536-357.369v-13.179c-105.618 10.82-204.436 53.095-281.267 120.331-17.988 41.666-29.097 85.552-32.962 130.216z"
        ],
        "attrs": [],
        "width": 1373,
        "isMulticolor": false,
        "isMulticolor2": false,
        "grid": 0,
        "tags": [
          "client-5"
        ],
        "colorPermutations": {}
      },
      "attrs": [],
      "properties": {
        "order": 57,
        "id": 7,
        "name": "client-5",
        "prevSize": 32
      },
      "setIdx": 1,
      "setId": 3,
      "iconIdx": 9
    },
    {
      "icon": {
        "paths": [
          "M1079.182 487.155c-10.083-13.421-14.907-29.284-13.76-45.252v-65.609c0-20.111 4.56-35.396 13.683-45.852 9.12-10.456 24.79-15.663 47.002-15.617 20.874 0 35.69 4.449 44.451 13.348 9.557 11.355 14.206 25.24 13.141 39.244v15.419h-37.337v-15.619c0.132-5.111-0.23-10.224-1.083-15.283-0.537-3.461-2.417-6.661-5.334-9.077-3.834-2.606-8.663-3.868-13.528-3.538-5.115-0.33-10.19 1.004-14.224 3.739-3.252 2.678-5.42 6.187-6.185 10.010-1.072 5.357-1.563 10.786-1.468 16.22v79.624c-0.589 7.682 1.058 15.369 4.792 22.36 1.857 2.364 4.435 4.239 7.452 5.418 3.015 1.179 6.349 1.613 9.632 1.256 4.783 0.339 9.53-0.956 13.219-3.604 3.042-2.608 4.999-6.010 5.566-9.678 0.872-5.282 1.261-10.615 1.161-15.952v-16.152h37.337v14.75c1.049 14.6-3.486 29.091-12.909 41.247-8.581 9.746-23.192 14.618-44.683 14.618s-37.726-5.206-46.924-16.020z",
          "M1234.646 487.824c-9.432-10.213-14.147-25.097-14.147-44.785v-69.013c0-19.488 4.715-34.238 14.147-44.25 9.43-10.012 25.202-14.996 47.309-14.95 21.955 0 37.649 4.983 47.079 14.95 9.432 10.012 14.224 24.763 14.224 44.25v69.013c0 19.488-4.792 34.438-14.379 44.717-9.585 10.279-25.2 15.419-46.924 15.419-21.722 0-37.802-5.206-47.309-15.351zM1299.349 471.272c3.377-6.397 4.915-13.403 4.485-20.423v-84.498c0.432-6.884-1.081-13.756-4.408-20.023-1.893-2.414-4.537-4.321-7.625-5.502-3.090-1.179-6.501-1.586-9.846-1.172-3.354-0.403-6.772 0.007-9.871 1.186s-5.757 3.079-7.675 5.489c-3.4 6.249-4.94 13.13-4.483 20.023v84.899c-0.471 7.022 1.070 14.036 4.483 20.423 2.175 2.153 4.863 3.878 7.876 5.061 3.013 1.181 6.285 1.793 9.596 1.793 3.309 0 6.581-0.612 9.594-1.793 3.013-1.183 5.7-2.908 7.876-5.061v-0.4z",
          "M1388.169 316.839h40.2l30.226 127.331 30.923-127.331h39.117l3.944 183.79h-28.913l-3.092-127.731-29.839 127.731h-23.192l-30.923-128.2-2.86 128.2h-29.22l3.632-183.79z",
          "M1577.647 316.839h62.616c36.077 0 54.113 17.394 54.113 52.188 0 33.323-18.99 49.962-56.973 49.917h-21.336v81.686h-38.653l0.232-183.79zM1631.143 395.387c3.818 0.419 7.696 0.116 11.366-0.887 3.67-1.001 7.045-2.681 9.892-4.917 4.433-6.208 6.387-13.499 5.566-20.755 0.203-5.607-0.421-11.214-1.857-16.684-0.551-1.827-1.518-3.541-2.844-5.043-1.329-1.502-2.988-2.758-4.886-3.7-5.366-2.221-11.296-3.231-17.237-2.935h-14.998v54.923h14.998z",
          "M1750.116 316.839h41.513l42.594 183.79h-36.022l-8.426-42.378h-37.030l-8.658 42.378h-36.564l42.594-183.79zM1785.599 436.964l-14.457-77.146-14.454 77.146h28.911z",
          "M1868.625 316.839h27.056l51.796 104.842v-104.842h32.081v183.79h-25.743l-52.103-109.447v109.447h-33.164l0.077-183.79z",
          "M2054.702 430.553l-43.060-113.457h36.256l26.285 72.879 24.66-72.879h35.483l-42.519 113.457v70.076h-37.105v-70.076z",
          "M1138.863 580.986v9.612h-31.539v74.681h-13.221v-74.681h-31.694v-9.612h76.454z",
          "M1237.736 665.286h-10.206c-1.035 0.055-2.057-0.23-2.86-0.801-0.771-0.489-1.361-1.161-1.7-1.934l-9.123-20.023h-43.754l-9.123 20.023c-0.259 0.837-0.735 1.611-1.393 2.269-0.808 0.558-1.825 0.842-2.858 0.801h-10.206l38.653-84.289h13.453l39.117 83.954zM1173.725 633.986h36.491l-15.462-34.302c-1.14-2.594-2.096-5.247-2.86-7.942-0.542 1.602-1.006 3.136-1.468 4.471l-1.393 3.536-15.308 34.236z",
          "M1304.373 657.008c2.421 0.109 4.847 0.109 7.266 0 2.091-0.187 4.16-0.521 6.185-1.001 1.893-0.403 3.755-0.915 5.566-1.536 1.702-0.601 3.402-1.336 5.179-2.068v-18.958h-15.46c-0.382 0.020-0.765-0.030-1.124-0.146-0.36-0.114-0.687-0.291-0.963-0.521-0.255-0.189-0.455-0.426-0.589-0.692s-0.198-0.553-0.184-0.844v-6.474h29.994v32.306c-2.448 1.511-5.034 2.851-7.73 4.005-2.756 1.174-5.627 2.134-8.581 2.869-3.161 0.803-6.394 1.384-9.664 1.736-3.748 0.36-7.514 0.537-11.284 0.532-6.667 0.050-13.282-1.015-19.483-3.136-5.787-2.009-11.046-5.006-15.46-8.811-4.303-3.843-7.691-8.379-9.971-13.348-2.437-5.589-3.643-11.519-3.557-17.488-0.082-6.007 1.097-11.979 3.479-17.622 2.223-4.995 5.618-9.541 9.971-13.348 4.412-3.793 9.673-6.768 15.462-8.745 6.62-2.15 13.644-3.213 20.717-3.138 3.6-0.002 7.193 0.243 10.745 0.735 3.143 0.441 6.226 1.158 9.2 2.137 2.703 0.876 5.295 1.996 7.73 3.336 2.369 1.318 4.619 2.79 6.727 4.405l-3.711 5.206c-0.291 0.476-0.724 0.876-1.254 1.156-0.53 0.282-1.138 0.437-1.761 0.446-0.856-0.023-1.686-0.255-2.396-0.667-1.161-0.535-2.396-1.201-3.789-2.002-1.643-0.89-3.377-1.65-5.179-2.269-2.303-0.799-4.683-1.424-7.111-1.871-3.238-0.514-6.526-0.76-9.819-0.733-5.1-0.050-10.163 0.744-14.919 2.335-4.303 1.49-8.181 3.768-11.364 6.674-3.204 3.031-5.652 6.599-7.191 10.481-3.452 9.127-3.452 18.969 0 28.099 1.693 3.964 4.326 7.58 7.732 10.613 3.17 2.892 7.018 5.168 11.287 6.674 4.915 1.459 10.124 2.025 15.305 1.67z",
          "M1427.597 655.669h42.209v9.61h-55.119v-84.293h13.219l-0.309 74.684z",
          "M1513.718 665.279h-13.221v-84.293h13.221v84.293z",
          "M1562.883 581.386c0.785 0.387 1.47 0.91 2.009 1.536l56.509 63.54c-0.075-0.999-0.075-2.002 0-3.004 0-0.933 0-1.868 0-2.735v-60.070h11.519v84.632h-6.647c-0.985 0.068-1.973-0.093-2.86-0.469-0.803-0.419-1.511-0.963-2.089-1.602l-56.432-63.474c0 1.001 0 1.936 0 2.872 0 0.933 0 1.802 0 2.603v60.070h-11.055v-84.3h6.881c0.746 0.002 1.484 0.139 2.164 0.4z",
          "M1730.251 580.986v9.277h-46.847v27.832h37.956v8.943h-37.956v28.765h46.847v9.277h-60.452v-84.095h60.452z",
          "M345.013 60.428l586.982 143.89v504.217l-586.982-143.824v-504.283zM307.366 17.447v571.758l662.2 162.377v-571.691l-662.2-162.444z",
          "M662.275 1016.996l-662.275-162.513v-571.697l662.275 162.447v571.763z",
          "M318.343 53.953l579.327 142.086-246.372 212.762-579.404-142.154 246.449-212.694zM307.366 17.447l-307.366 265.352 662.275 162.441 307.289-265.351-662.198-162.441z",
          "M699.538 984.833l270.027-233.183-270.027-66.269v299.452z"
        ],
        "attrs": [],
        "width": 2139,
        "isMulticolor": false,
        "isMulticolor2": false,
        "grid": 0,
        "tags": [
          "client-6"
        ],
        "colorPermutations": {}
      },
      "attrs": [],
      "properties": {
        "order": 58,
        "id": 6,
        "name": "client-6",
        "prevSize": 32
      },
      "setIdx": 1,
      "setId": 3,
      "iconIdx": 10
    },
    {
      "icon": {
        "paths": [
          "M1237.333 0h-1109.332c-70.584 0-128.001 57.417-128.001 128.001v767.999c0 70.579 57.417 128 128.001 128h1109.332c70.579 0 128-57.421 128-128v-767.999c0-70.584-57.421-128.001-128-128.001zM1237.333 85.333c5.794 0 11.307 1.203 16.35 3.303l-571.017 494.906-571.023-494.906c5.042-2.097 10.557-3.303 16.354-3.303h1109.335zM1237.333 938.667h-1109.332c-23.541 0-42.668-19.123-42.668-42.667v-717.209l569.375 493.458c8.043 6.956 18 10.417 27.959 10.417s19.916-3.457 27.959-10.417l569.375-493.458v717.209c0 23.543-19.123 42.667-42.667 42.667z"
        ],
        "attrs": [],
        "width": 1365,
        "isMulticolor": false,
        "isMulticolor2": false,
        "grid": 0,
        "tags": [
          "envelope"
        ],
        "colorPermutations": {}
      },
      "attrs": [],
      "properties": {
        "order": 59,
        "id": 5,
        "name": "envelope",
        "prevSize": 32
      },
      "setIdx": 1,
      "setId": 3,
      "iconIdx": 11
    },
    {
      "icon": {
        "paths": [
          "M682.537 170.026h93.486v-162.816c-16.128-2.219-71.598-7.211-136.192-7.211-134.786 0-227.117 84.778-227.117 240.598v143.402h-148.736v182.016h148.736v457.984h182.358v-457.943h142.72l22.656-182.014h-165.417v-125.397c0.041-52.608 14.208-88.619 87.506-88.619z"
        ],
        "attrs": [],
        "isMulticolor": false,
        "isMulticolor2": false,
        "grid": 0,
        "tags": [
          "facebook"
        ],
        "colorPermutations": {}
      },
      "attrs": [],
      "properties": {
        "order": 60,
        "id": 4,
        "name": "facebook",
        "prevSize": 32
      },
      "setIdx": 1,
      "setId": 3,
      "iconIdx": 12
    },
    {
      "icon": {
        "paths": [
          "M1022.996 301.059c-2.396-54.409-11.197-91.814-23.798-124.227-13.005-34.405-33.009-65.208-59.218-90.814-25.605-26.006-56.612-46.212-90.619-59.012-32.599-12.604-69.811-21.403-124.216-23.802-54.815-2.602-72.218-3.204-211.246-3.204-139.027 0-156.429 0.602-211.041 3.001-54.409 2.399-91.815 11.205-124.22 23.802-34.413 13.003-65.215 33.007-90.822 59.215-26.005 25.606-46.204 56.612-59.011 90.619-12.604 32.608-21.403 69.811-23.802 124.22-2.602 54.815-3.204 72.217-3.204 211.247 0 139.023 0.602 156.426 3.001 211.041 2.399 54.405 11.205 91.812 23.809 124.227 13.003 34.401 33.202 65.208 59.207 90.813 25.607 26.004 56.612 46.213 90.619 59.013 32.608 12.6 69.81 21.402 124.227 23.798 54.604 2.406 72.014 3 211.042 3s156.426-0.594 211.041-3c54.41-2.396 91.812-11.197 124.216-23.798 68.818-26.609 123.228-81.019 149.837-149.827 12.595-32.609 21.402-69.821 23.803-124.227 2.396-54.615 3-72.018 3-211.041 0-139.030-0.205-156.431-2.606-211.044zM930.785 719.14c-2.202 50.012-10.604 77.015-17.603 95.017-17.208 44.611-52.613 80.015-97.224 97.224-18.002 7.004-45.204 15.401-95.017 17.597-54.011 2.406-70.211 3-206.838 3-136.63 0-153.031-0.594-206.846-3-50.010-2.196-77.015-10.593-95.018-17.597-22.2-8.202-42.407-21.207-58.808-38.211-17.004-16.604-30.006-36.608-38.211-58.808-7.002-18.002-15.401-45.21-17.597-95.017-2.407-54.011-3.001-70.216-3.001-206.848 0-136.626 0.594-153.028 3.001-206.835 2.195-50.010 10.595-77.015 17.597-95.018 8.205-22.207 21.207-42.407 38.414-58.817 16.597-17.003 36.601-30.006 58.808-38.203 18.003-7.001 45.212-15.401 95.018-17.605 54.010-2.399 70.217-3.001 206.838-3.001 136.832 0 153.027 0.602 206.843 3.001 50.012 2.203 77.015 10.604 95.022 17.605 22.195 8.197 42.404 21.2 58.808 38.203 16.998 16.605 30.003 36.609 38.211 58.817 6.999 18.003 15.401 45.204 17.603 95.018 2.401 54.010 3 70.209 3 206.835 0 136.632-0.599 152.632-3 206.643z",
          "M513.9 249.047c-145.222 0-263.050 117.82-263.050 263.050 0 145.234 117.828 263.050 263.050 263.050 145.234 0 263.055-117.816 263.055-263.050 0-145.23-117.821-263.050-263.055-263.050zM513.9 682.732c-94.212 0-170.633-76.411-170.633-170.634 0-94.221 76.421-170.634 170.633-170.634 94.223 0 170.634 76.413 170.634 170.634 0 94.223-76.411 170.634-170.634 170.634z",
          "M848.768 238.648c0 33.913-27.5 61.41-61.42 61.41-33.915 0-61.409-27.497-61.409-61.41 0-33.921 27.494-61.411 61.409-61.411 33.92 0 61.42 27.49 61.42 61.411z"
        ],
        "attrs": [],
        "isMulticolor": false,
        "isMulticolor2": false,
        "grid": 0,
        "tags": [
          "instagram"
        ],
        "colorPermutations": {}
      },
      "attrs": [],
      "properties": {
        "order": 61,
        "id": 3,
        "name": "instagram",
        "prevSize": 32
      },
      "setIdx": 1,
      "setId": 3,
      "iconIdx": 13
    },
    {
      "icon": {
        "paths": [
          "M1023.744 1024v-0.041h0.256v-375.552c0-183.722-39.552-325.247-254.336-325.247-103.255 0-172.544 56.661-200.832 110.378h-2.985v-93.226h-203.65v683.647h212.052v-338.519c0-89.129 16.896-175.315 127.278-175.315 108.754 0 110.377 101.715 110.377 181.034v332.841h211.84z",
          "M16.897 340.35h212.309v683.65h-212.309v-683.65z",
          "M122.966 0c-67.883 0-122.966 55.082-122.966 122.966s55.082 124.117 122.966 124.117c67.882 0 122.965-56.234 122.965-124.117-0.042-67.883-55.125-122.966-122.965-122.966v0z"
        ],
        "attrs": [],
        "isMulticolor": false,
        "isMulticolor2": false,
        "grid": 0,
        "tags": [
          "linkedin"
        ],
        "colorPermutations": {}
      },
      "attrs": [],
      "properties": {
        "order": 62,
        "id": 2,
        "name": "linkedin",
        "prevSize": 32
      },
      "setIdx": 1,
      "setId": 3,
      "iconIdx": 14
    },
    {
      "icon": {
        "paths": [
          "M544 0h-448c-52.938 0-96 43.062-96 96v832c0 52.941 43.062 96 96 96h448c52.938 0 96-43.059 96-96v-832c0-52.938-43.062-96-96-96zM96 64h448c17.656 0 32 14.344 32 32v672h-512v-672c0-17.656 14.344-32 32-32zM544 960h-448c-17.656 0-32-14.342-32-32v-96h512v96c0 17.658-14.344 32-32 32z"
        ],
        "attrs": [],
        "width": 640,
        "isMulticolor": false,
        "isMulticolor2": false,
        "grid": 0,
        "tags": [
          "smartphone"
        ],
        "colorPermutations": {}
      },
      "attrs": [],
      "properties": {
        "order": 63,
        "id": 1,
        "name": "smartphone",
        "prevSize": 32
      },
      "setIdx": 1,
      "setId": 3,
      "iconIdx": 15
    },
    {
      "icon": {
        "paths": [
          "M1024 194.496c-38.077 16.704-78.659 27.776-120.96 33.152 43.52-25.984 76.739-66.816 92.349-116.032-40.571 24.192-85.371 41.28-133.12 50.816-38.528-41.024-93.44-66.432-153.344-66.432-116.219 0-209.789 94.336-209.789 209.984 0 16.64 1.408 32.64 4.864 47.872-174.528-8.512-328.96-92.16-432.704-219.584-18.112 31.424-28.736 67.392-28.736 106.112 0 72.704 37.44 137.152 93.248 174.464-33.728-0.64-66.816-10.432-94.848-25.856 0 0.64 0 1.472 0 2.304 0 102.016 72.768 186.752 168.192 206.269-17.088 4.675-35.712 6.912-55.040 6.912-13.44 0-27.008-0.763-39.744-3.584 27.2 83.139 104.384 144.261 196.16 146.243-71.424 55.875-162.112 89.533-260.288 89.533-17.216 0-33.728-0.763-50.24-2.877 92.992 59.971 203.2 94.208 322.048 94.208 386.304 0 597.504-320 597.504-597.376 0-9.28-0.317-18.24-0.768-27.136 41.667-29.568 76.672-66.496 105.216-108.992z"
        ],
        "attrs": [],
        "isMulticolor": false,
        "isMulticolor2": false,
        "grid": 0,
        "tags": [
          "twitter"
        ],
        "colorPermutations": {}
      },
      "attrs": [],
      "properties": {
        "order": 64,
        "id": 0,
        "name": "twitter",
        "prevSize": 32
      },
      "setIdx": 1,
      "setId": 3,
      "iconIdx": 16
    }
  ],
  "height": 1024,
  "preferences": {
    "showGlyphs": true,
    "showQuickUse": true,
    "showQuickUse2": true,
    "showSVGs": true,
    "fontPref": {
      "prefix": "icon-",
      "metadata": {
        "fontFamily": "icomoon"
      },
      "metrics": {
        "emSize": 1024,
        "baseline": 6.25,
        "whitespace": 50
      },
      "embed": false
    },
    "imagePref": {
      "prefix": "icon-",
      "png": false,
      "useClassSelector": true,
      "color": 0,
      "bgColor": 16777215,
      "classSelector": ".icon",
      "name": "icomoon",
      "height": 32,
      "columns": 16,
      "margin": 16
    },
    "historySize": 50,
    "showCodes": true,
    "gridSize": 16
  }
}